ID,"Company Name","Invoice Amount €","Inv. Amount Plus VAT €"
10,"Vaca Loca Bar",777.00000,909.09000
9,"Auto & General",93.00000,108.81000
8,"Fedhealth Inc",1922.00000,2325.62000
7,"Select Systems B.V.",1170.00000,1415.70000
6,"Woolworths B.V.",900.00000,1044.00000
5,"ALbert Hiejn B.V.",1509.00000,1750.44000
4,"DDY Entertainment B.V.",6016.00000,7279.36000
3,"Shell Foods B.V.",339.00000,410.19000
2,"ICS Digital B.V.",1222.00000,1478.62000
1,"ACME Chemicals B.V.",943.00000,1141.03000
